sent_id,original,replacement,context
1-2,calacal,kalakal,Ng panahong yao'y lumalagay si Kapitang Tiagong is...
1-8,calacal,kalakal,Dapat halataing sa lubhang kinakailangang gamit na...
1-8,cabilang,kabilang,Dapat halataing sa lubhang kinakailangang gamit na...
1-8,cabila,kabila,Dapat halataing sa lubhang kinakailangang gamit na...
1-10,culay,kulay,Isang malapad na hagdanang ma'y cacapitang culay v...
1-10,culay,kulay,Isang malapad na hagdanang ma'y cacapitang culay v...
1-18,bangcay,bangkay,Tunay mang ang pagkakapinta'y hindi nagpapakilala ...
1-18,culay,kulay,Tunay mang ang pagkakapinta'y hindi nagpapakilala ...
1-19,culay,kulay,Sa panonood ng mga calagayang iyong umaakit sa pag...
1-19,culay,kulay,Sa panonood ng mga calagayang iyong umaakit sa pag...
1-48,bucas,bukas,Datapwat si Fray Damaso'y hindi mahiwagang gaya ni...
1-48,cang,kang,Datapwat si Fray Damaso'y hindi mahiwagang gaya ni...
1-49,culay,kulay,"Ang isa sa mga paisano'y isang taong malingguit, m..."
1-52,causap,kausap,"—Ako, sa halimbawa—ang patuloy na pananalita ni Fr..."
1-67,causap,kausap,Ngunit hindi ko mapagcuro kung ano ang cabagayan n...
1-104,manoc,manok,Ang tinola ay ang pinaghalong inahing manoc at sak...
1-112,sucat,sukat,¡Ganyang caraming mga libro ... sucat na ang magca...
1-114,Sucat,Sukat,¡Sucat na ang magcaroon ng dalawang daling noo.......
1-122,malacas,malakas,Di caguinsaguinsa'y pinacabigyanbigyan ng suntoc a...
1-144,bangcay,bangkay,"Ako, ang ibig kong sabihi'y pagka itinatapon ng cu..."
1-155,Tiguil,Tigil,—¡Tiguil!...
1-156,bucas,bukas,—ang sigaw ng tenienteng nagbabala at wari'y mandi...
1-157,Lacad,Lakad,"—¡Lacad na kayo ngayon din, lacad na kayo!..."
1-157,lacad,lakad,"—¡Lacad na kayo ngayon din, lacad na kayo!..."
1-160,Lacad,Lakad,¡Lacad na kayo't ipahihiram ko pa sa inyo ang akin...
1-172,bangcay,bangkay,Sa panahong wala si pari Damaso sa San Diego ay in...
1-173,macailan,makailan,"; opo, totoong carapatdapat; siya'y macailan kong ..."
1-179,magbalic,magbalik,—Ng magcagayo'y ng magbalic ang curang ito sa baya...
1-179,bangcay,bangkay,—Ng magcagayo'y ng magbalic ang curang ito sa baya...
2-1,naca,naka,Hindi magaganda at mabubuting bihis na mga dalaga ...
2-12,bucas,bukas,Nababasa sa kanyang mukhang bucas at masaya ang ca...
2-12,culay,kulay,Nababasa sa kanyang mukhang bucas at masaya ang ca...
2-32,macapag,makapag,"Nang macapag-alinlang may ilang minuto, tinungo ni..."
2-37,causap,kausap,Mga ginoo—anya—may isang caugalian sa Alemaniang p...
2-41,causap,kausap,Sinabi naman sa kanya ng kanyang mga causap ang ca...
2-43,sucat,sukat,—ang sinabi't sucat ng isang binata at bahagya ng ...
2-56,bucas,bukas,"; ang pangalan ko'y Kapitang Tinong, nananahan ako..."
2-57,calaking,kalaking,Bihag na bihag si Ibarra sa gayong calaking cagand...
2-60,bucas,bukas,—Ngunit pasasa San Diego po ako bucas ......
3-36,balicat,balikat,"—ani Kapitang Tiago, casabay ng pagdidiin sa balic..."
3-41,pacpac,pakpak,Ngunit ayawan kung sa isang pagkalibang o iba caya...
3-41,manoc,manok,Ngunit ayawan kung sa isang pagkalibang o iba caya...
3-41,manoc,manok,Ngunit ayawan kung sa isang pagkalibang o iba caya...
3-71,wica,wika,—Guinagamit ko po ang wica ng lupaing aking pinagl...
3-73,wica,wika,—ang tanong ng dominicong natira sa Hongkong at to...
3-82,lacad,lakad,—Sa halimbawa ... tungkol sa pamumuhay ng mga baya...
3-87,cang,kang,—ang itinanong na nagtatawa ng palibac ng francisc...
3-94,bucas,bukas,"—Itulot ninyo sa aking ako'y umalis na, sa pagka't..."
3-103,bucas,bukas,—¡Paririto ako bucas bago ako umalis....
3-119,pacpac,pakpak,Ng gabing yao'y kasama ng mga iba't ibang bagay na...
4-3,lacad,lakad,"Nagdaraan ang mga cocheng tila mga kidla't, mga ca..."
4-4,paglacad,paglakad,Taglay iyang paglacad na hindi nangagcacawangis an...
4-5,cupas,kupas,Yao'y ang mga dating daan at mga dating bahay na m...
4-6,lacad,lakad,—¡Marahan ang lacad!...
4-16,balicat,balikat,Samantalang pinanonood niya ang catacatacang panan...
4-24,bucas,bukas,—Itinanong ko kay Kapitang Tiago ay sumagot sa aki...
4-36,wica,wika,¿Ano po ang wica ninyo?...
4-64,matacot,matakot,Bucod sa rito'y totoong dalisay ang capurihan ni D...
4-77,culang,kulang,"Pinaglilibacan ang culang palad, na pinagbabayaran..."
4-78,manoc,manok,Sadyang ibinibigay sa kanya ang mga sulat ng patum...
4-88,malacas,malakas,"Umulan ang mga paratang, isinumbong na siya'y fili..."
4-92,culang,kulang,"Kung naging iba sana ang inyong ama, marahil pagda..."
4-97,wica,wika,"—""Sa akin ay matatalo""—ang wica sa akin...."
5-2,cabilang,kabilang,"Totoong maliwanag, sa caramihan ng ilaw, ang catap..."
5-6,culay,kulay,"Na sa tabi ng diosang iyon si pari Damaso, at si p..."
5-14,culang,kulang,Ito ang nakikita ng culang palad sa kanyang harapa...
5-16,manoc,manok,Inihihip ng catahimican ang kanyang hungcag na hin...
6-4,culay,kulay,"Palibhasa'y pandac, maliwanag ang culay, bilog ang..."
6-13,Casundo,Kasundo,""" Casundo niya ang lahat ng mga pinuno, matalino, ..."
6-14,casundo,kasundo,Kaya nga't ng panahong nangyayari ang mga bagay na...
6-15,casundo,kasundo,"Na siya'y casundo ng Dios, ito'y isang bagay na hi..."
6-24,culay,kulay,"Doo'y may napapanood na mga larawan ng ""Sacra Fami..."
6-25,Paco,Pako,Mga cuadrong pintado ng oleo ng mga artistang taga...
6-26,pacpac,pakpak,"Napapanood din doon ang isang San Antonio Abad, na..."
6-26,culay,kulay,"Napapanood din doon ang isang San Antonio Abad, na..."
6-26,pacpac,pakpak,"Napapanood din doon ang isang San Antonio Abad, na..."
6-29,culay,kulay,Gayon ma'y sasabihin din namin ang isang magandang...
6-29,canan,kanan,Gayon ma'y sasabihin din namin ang isang magandang...
6-30,tacot,takot,Hindi lumalapit sa kanya kailan man si Kapitang Ti...
6-34,cabila,kabila,Walang sinabing ano man lamang salita ang santo; n...
6-38,manoc,manok,Napanood din naman naming ipinakikita ng pari sa m...
6-49,manoc,manok,"Sa Binundoc, sa Capampangan at sa bayan ng San Die..."
6-53,casundo,kasundo,"Na siya'y casundo ng Gobierno, ang baga'y na ito'y..."
6-56,lacad,lakad,""" Lagui ng may handa siyang mga orquesta upang bum..."
6-60,paglacad,paglakad,Kaya nga't ipinalalagay ng mga punong macapangyari...
6-77,sucat,sukat,Hinihintay ni Kapitang Tiago na bawa't araw ay tit...
6-95,culay,kulay,Nang sanggol pa siya'y culot ang kanyang buhac at ...
6-95,culay,kulay,Nang sanggol pa siya'y culot ang kanyang buhac at ...
6-99,pacpac,pakpak,Ang mga fraile ma'y linalaro siya pagka isinasama ...
6-103,calaro,kalaro,Tumatangis si Maria Clarang nag-paalam kay pari Da...
7-6,nacapag,nakapag,Ngayo'y nacapag-agahan na tila at nililibang ni Ma...
7-15,cang,kang,"Dapat cang pasalalawigan, namumutla ka ng mainam a..."
7-41,cang,kang,¡halica at huwag cang magpahintay!...
7-48,macapag,makapag,"At pagkatapos, sa pagtacas ng dalawang nagsisintah..."
7-49,culay,kulay,Kayo ang magsabi't may bango kayo sa inyong hining...
7-53,wica,wika,—Lalong magaling—ang wica nito—diya'y ang buong ba...
7-55,Cain,Kain,"Ang babae, palibhasa'y kapatid ni Cain ay panibugh..."
7-59,Cain,Kain,"Ang lalaki naman, palibhasa'y isa pa ring kapatid ..."
7-61,magculang,magkulang,—ang sagot na nangangaanino ng buong ligaya sa mga...
7-62,bangcay,bangkay,"Natatandaan mo ba ang gabing yaon, ang gabing yaon..."
7-62,balicat,balikat,"Natatandaan mo ba ang gabing yaon, ang gabing yaon..."
7-65,bangcay,bangkay,Sa dakong labas ay umuulan at cumikidlat; ngunit s...
7-74,naglacad,naglakad,Kung minsa'y naliligaw ako sa mga landas ng mga ca...
7-82,culay,kulay,Hinihirang mo ang lalong magagandang sigay at ng t...
7-82,cang,kang,Hinihirang mo ang lalong magagandang sigay at ng t...
7-85,macapag,makapag,"Niyo'y pinapagpighati mo ako; ngunit ng matapos, p..."
7-88,culay,kulay,Hindi cata pinapansin; naglilibang ako sa panghaha...
7-89,cang,kang,"Caguinsaguinsa'y nawala ka, at ng ikaw ay bumalic,..."
7-107,cang,kang,—¡Howag cang malicot!...
7-120,balicat,balikat,"Hindi umimic ang aking ama, naglining-lining, ilin..."
7-123,bucas,bukas,"Bumubucas sa iyo ang panahong sasapit, samantalang..."
7-130,Bucas,Bukas,Bucas ang fiesta ng mga namatay....
8-2,calabaw,kalabaw,"Ang casayahang hindi naglilicat sa lahat ng panig,..."
8-2,culay,kulay,"Ang casayahang hindi naglilicat sa lahat ng panig,..."
8-7,balicat,balikat,"Matatangcad sila, madidilim ang pagmumukhang kaila..."
8-10,bucas,bukas,Sa lilim ng isang carretong kahoy nacabulagta ang ...
8-11,bucas,bukas,"""Ngayo'y ikaw, bucas nama'y kami,"" marahil siyang ..."
8-12,paglacad,paglakad,Hindi pinapansin ng mga taong nagdudumaling dumara...
8-16,canan,kanan,"Tinakhan niya ang bagong ""Puente de España""; nanga..."
8-23,malacas,malakas,"Ipinagtabuyan, ang kanyang caayaayang mga naaalaal..."
8-23,bucas,bukas,"Ipinagtabuyan, ang kanyang caayaayang mga naaalaal..."
8-24,canan,kanan,Inihiwalay doon ni Ibarra ang kanyang mga mata at ...
8-24,cuta,kuta,Inihiwalay doon ni Ibarra ang kanyang mga mata at ...
8-24,culang,kulang,Inihiwalay doon ni Ibarra ang kanyang mga mata at ...
8-26,cabilang,kabilang,—¡Na sa cabilang ibayo ang Europa!...
8-29,cabilang,kabilang,"¡Tunay nga, sa cabilang ibayo ng dagat na di maula..."
8-32,nagbucas,nagbukas,Kanyang guinugunita ang taong nagbucas ng kanyang ...
8-48,calabaw,kalabaw,Kung minsa'y isang carretong hila ng isang calabaw...
8-48,lacad,lakad,Kung minsa'y isang carretong hila ng isang calabaw...
8-49,calabaw,kalabaw,Nakikisaliw sa malungcot at di nagbabagong anyo ng...
9-22,pagpasoc,pagpasok,—ang siyang bati ng batang dominico pagpasoc....
9-95,wica,wika,—Padre cura ang isinagot:—marunong po akong tumupa...
10-7,natacot,natakot,May natatanaw sa dakong malayong isang maliit na b...
10-7,malacas,malakas,May natatanaw sa dakong malayong isang maliit na b...
10-8,paglacad,paglakad,Mga katawan ng puno ng niog o ng kahoy na may bala...
10-19,bangcay,bangkay,Itinapon ng ilang babae sa ilog ang mga hiyas at s...
10-21,culang,kulang,"Isang culang palad na nangingibig, na sa pagmimith..."
11-10,culang,kulang,"Ito'y isang culang palad na hindi nag-uutos, siya ..."
11-16,cuta,kuta,May pagkawangis ang San Diego sa Roma; ngunit hind...
11-27,bangcay,bangkay,Lumulucso ang calolowa sa catuwaan pagkakita ng na...
11-28,mabaca,mabaka,Nacatipon ang sacristan mayor ng isang mabutibuti ...
11-28,wica,wika,Nacatipon ang sacristan mayor ng isang mabutibuti ...
11-34,cati,kati,Nacapangingilis ng kanyang mga ugat ang kanyang mg...
11-35,pacay,pakay,"Ang alferez, na gaya na nga ng sinabi namin, ang t..."
11-39,licod,likod,"Nanghihiganti sa sariling katawan ang alferez, sa ..."
11-40,capit,kapit,Nangaghahampasang magaling ang alferez at si Doña ...
11-40,malacas,malakas,Nangaghahampasang magaling ang alferez at si Doña ...
11-51,causap,kausap,—ang tanong ng causap na nagugulat—¿nanglalason po...
11-62,magbalic,magbalik,"Hindi dahil dito'y nagbabagong ugali ang alferez, ..."
11-68,paglacad,paglakad,"Ang mga dalagang itong sa kanya'y nangatatacot, du..."
12-12,calapit,kalapit,"Isang pintuang kahoy, at isang bacod na ang calaha..."
12-21,pagpasoc,pagpasok,Sa horas ng pagpasoc namin ay binugaw ang mga hayo...
12-35,bangcay,bangkay,Kung humucay ka sanang gaya ko ng isang bangcay na...
12-37,cang,kang,"—Naalis ang pagkapaco ng cabaong, umaalingasaw ......"
12-51,bangcay,bangkay,at ¿ano ang ginawa mo sa bangcay pagkatapos?...
12-59,causap,kausap,—ang isinalabat ng causap na lipos ng pangingilabo...
12-72,balicat,balikat,Ikinibit ng maglilibing ang kanyang mga balicat....
13-1,pagtiguil,pagtigil,"Nang sandaling lumalabas ang matandang lalaki, siy..."
13-2,casunod,kasunod,Umibis si Ibarra sa cocheng casunod ng isang alila...
13-6,licod,likod,—¡Diyan po sa licod ng malaking cruz na iyan—ang i...
13-8,paglacad,paglakad,"Nag-iingat ang binata ng paglacad, pinangingilagan..."
13-10,cabilang,kabilang,Huminto siya pagdating sa cabilang daco ng cruz at...
13-64,wica,wika,Mabuti pa ang malunod kay sa mapasama sa mga insic...
13-65,balicat,balikat,Inilagay ni Ibarra ang kanyang mga kamay sa magcab...
13-66,culang,kulang,—¡Ikaw ay wala kung di isang culang palad!...
13-70,bangcay,bangkay,"Binugbog ako ng baston ng paring malaki, dahilang ..."
13-73,lacad,lakad,Matulin ang lacad ni Ibarra na sa malayo ang tanaw...
13-78,bucas,bukas,Naliliguid ang bahay na iyon ng pader na sinisibul...
13-79,pagbalic,pagbalik,Ngunit hindi pinapansin ng binata ang caligayahang...
13-85,pinatiguil,pinatigil,Sandalingsandali lamang tumagal ang pag-aalinlanga...
13-85,balicat,balikat,Sandalingsandali lamang tumagal ang pag-aalinlanga...
14-8,magca,magka,"Ayon sa sinabi na namin, ang hapo'y nagbabalang ma..."
14-10,naca,naka,Sa malapit sa simbaha'y nasalubong niya ang isang ...
14-22,causap,kausap,"—ang sagot ni Tasio, na palibac din naman ang anyo..."
14-63,causap,kausap,"""—ang isinagot ng causap na ngumingiti...."
14-67,wica,wika,"—ang wica ng matandang lalaki sa sarisaring ""tono""..."
14-75,balicat,balikat,Ikinibit ng filosofo ang kanyang mga balicat....
14-78,bangcay,bangkay,—Talastas na po ninyong ako'y isa sa anim na nakip...
14-88,bucas,bukas,—ang isinagot ng babaeng taglay ang tunay na pagpi...
14-111,wica,wika,"Ang cauntian ang wica ko, sa pagka't pagkatapos na..."
14-118,casunod,kasunod,Isang kidlat na may casunod agad agad na isang mau...
14-136,cabilang,kabilang,""" Nagsasaysay rin naman si San Agustin, tungkol sa..."
14-138,cabilang,kabilang,—ang sinabi ni Don Filipo;—¡hindi pa siya magcacas...
14-140,Capal,Kapal,"Bagamat sumang-ayon na si San Gregorio, alinsunod ..."
14-155,tacot,takot,"Pagka ako'y naghihingalo na, ihahandog ko sa kanya..."
15-1,tacot,takot,"Bahagya na ang patlang ng dagundong ng mga culog, ..."
15-4,causap,kausap,Nangasaicalawang saray ng campanario ang dalawang ...
15-19,cagat,kagat,Inihiwalay ng matandang kapatid ang kanyang mga ma...
15-22,bucas,bukas,"¡Ibig ko sanang magcasakit ako bucas sa bahay, ibi..."
15-24,cang,kang,"At ikaw man, caca, ang mabuti'y magcasakit cang ka..."
15-54,cang,kang,—¡Huwag cang magalit!...
15-71,cang,kang,"—¡Crispin, huwag cang umiyac!..."
15-73,cang,kang,—Hindi maniniwala ang nanay; huwag cang umiyac; si...
15-82,magcapatid,magkapatid,Nanglamig ang magcapatid....
15-102,macapag,makapag,—¿Kailan baga kaya ako macapag aararo ng isang buk...
16-15,wica,wika,"""—Datapwat kinacailangang patayin mo ang mga apoy ..."
16-27,macapag,makapag,"Doon sa malayo sa bayan, sa isang layong may isang..."
16-32,tacot,takot,Sa pagka't talastas ng lalaki kung hanggang saan a...
16-33,manoc,manok,Ng muhang tanong sa kanya si Sisa ng minsang siya'...
16-43,culay,kulay,"Siya ang tinatawag ng mga tagalog na ""cayumanguing..."
16-50,capit,kapit,"Bumili ng mga lawlaw, pinitas sa kanyang maliit na..."
16-56,casiya,kasiya,"Napangiti si Sisa, at sa kanyang catowaa'y ipinang..."
16-58,manoc,manok,Pagkatapos ay dinampot ng lalaki ang manoc at nag-...
16-69,Malacas,Malakas,—Malacas at maliwanag ang lacad ni Basilio; maraha...
16-69,lacad,lakad,—Malacas at maliwanag ang lacad ni Basilio; maraha...
16-77,Natacot,Natakot,"Natacot si Sisa, cumuha ng isang bato at hinaguis...."
17-59,tacot,takot,Nacacaramdam ng init at lamig; pinagpilitang pumik...
17-62,wica,wika,Pinakikinggan ng curang madilim ang pagmumukha at ...
17-96,bucas,bukas,"Ang mabuti po, nanay, cunin na ninyo bucas si Cris..."
17-97,calabaw,kalabaw,Paggaling ko'y pagdaca'y makikipagkita ako kay Don...
17-98,Macapag,Makapag,Macapag-aaral si Crispin sa bahay ni matandang Tas...
17-105,manoc,manok,"marahil bigyan pa po kayo ng isang maliit na ""guya..."
17-109,macapag,makapag,Pagka macapag-aararo na ako'y aking ipakikiusap na...
17-110,cacain,kakain,Magcacaroon tayo ng damit na bagong ucol sa bawa't...
18-6,magcapatid,magkapatid,"¡Uulan ang mga multa, at ang lahat ng ito'y pawang..."
18-8,paglacad,paglakad,Nang makita nilang dumarating ang cura ay nangagti...
18-19,Sucat,Sukat,—Sucat na ang isang indulgencia plenaria upang mah...
18-53,culang,kulang,Sa halimbawa: ipalagay po ninyong nagcamit ako ng ...
18-76,Culang,Kulang,—¡Culang!...
18-109,wica,wika,—ang wica ni Rufang tumindig—hindi pa nalalaong na...
18-111,capit,kapit,¡Kaya pala sinasabi ng inyong capit-bahay na babae...
18-129,wica,wika,—ang wica ni Sipa;—mabuti pa si pari Martin....
18-145,paco,pako,"Nanguha siya sa tabing ilog ng paco, na talastas n..."
18-156,paco,pako,Isinalansang mahusay ni Sisa sa ibabaw ng mesa ang...
18-182,culang,kulang,Tinacpan ng panyo ng culang palad na ina ang kanya...
19-1,malacas,malakas,"Natutulog ng tahimic, na taglay iyang pagpapaimbab..."
19-4,bangcay,bangkay,—¡Dito nga—ang sabi nitong huli—dito iniabsang ang...
19-7,sucat,sukat,—¡Wala po kayong sucat kilanlin sa aking utang na ...
19-33,sucat,sukat,Kung gayo'y tantuin ninyong kailan ma'y hindi mang...
19-41,malacas,malakas,Doo'y ang mga batang talagang maibiguing bumasa ng...
19-42,macapag,makapag,Inyong natatalastas na sa ganya'y hindi maaaring m...
19-47,nacapag,nakapag,Nang macaraan ang ilang linggo'y halos nawawatasan...
19-65,wica,wika,"Namaguitna ang sacristan mayor, nagtinig ang cura ..."
19-72,bangcay,bangkay,"datapwat ipinanganac ako sa lupaing ito, kinacaila..."
19-85,malacas,malakas,"Ang mga pamamalo, sa halimbawa, na buhat sa caunau..."
19-86,macapag,makapag,Napagkilala kong maliwanag na hindi nga mangyayari...
19-86,tacot,takot,Napagkilala kong maliwanag na hindi nga mangyayari...
19-88,magbalic,magbalik,Napagkilala ko rin namang ang kanilang pagkakita s...
19-123,nagbalic,nagbalik,—Bahagya pa lamang akong gumagaling sa sakit ay na...
20-10,pacay,pakay,—ani Don Filipong puno ng partido liberal sa kanya...
20-26,causap,kausap,"—ang sabi sa kanya ng mga causap, na minamasdan si..."
20-41,pagpasoc,pagpasok,Huminto ang mga alingawngaw pagpasoc niya; bawa't ...
20-81,catalo,katalo,"""Lubos"" ang aming pagasa na siyang mamagalingin ng..."
20-93,casiya,kasiya,"—¡Hindi casiya ang isang daa't limampo, kinacailan..."
20-108,capit,kapit,"—Bucod pa sa roon, upang makita ng ating mga capit..."
20-108,manoc,manok,"—Bucod pa sa roon, upang makita ng ating mga capit..."
20-138,manoc,manok,"—¿Ano ang cahulugan niyong mga inahing manoc, mga ..."
20-140,calapit,kalapit,"ang sasabihin ng mga calapit-bayan natin, at pagka..."
20-176,bundoc,bundok,¿Ano baga ang princesang iyang nakikihalobilo sa m...
20-194,sucat,sukat,Inaasahan naming sucat na ang isang linggong pagsa...
20-211,catuwa,katuwa,"Sumasang-ayon na ako, alang-alang sa totoong pinag..."
20-212,caawa,kaawa,"Casucatan na, sa pagbibigay casayahan sa fiesta, a..."
20-212,manoc,manok,"Casucatan na, sa pagbibigay casayahan sa fiesta, a..."
20-223,Culang,Kulang,Culang na lamang ang pasiya ng gobernadorcillo....
20-232,culang,kulang,"—Ngunit ang cura,—ang ipinagpatuloy ng culang pala..."
21-14,manoc,manok,Iniiwan na ng mga sundalo ang kanyang bahay at sil...
21-19,paglacad,paglakad,"Muling tinitigan niya, sa pagpapasalamat, ang lang..."
21-20,catacot,katakot,Nang malapit na si Sisa sa mga catacot-tacot na mg...
21-20,tacot,takot,Nang malapit na si Sisa sa mga catacot-tacot na mg...
21-20,manoc,manok,Nang malapit na si Sisa sa mga catacot-tacot na mg...
21-21,paglacad,paglakad,Bahagya pa lamang nangacacaraan sa kanyang tabi ay...
21-23,tacot,takot,"Hindi kinukusa'y lumapit si Sisa, at naramdaman ni..."
21-43,culang,kulang,—ang isinamo ng culang palad na babae!...
21-55,sucat,sukat,—Totoong ako'y mahirap; wala akong guinto o hiyas ...
21-55,nacuha,nakuha,—Totoong ako'y mahirap; wala akong guinto o hiyas ...
21-55,manoc,manok,—Totoong ako'y mahirap; wala akong guinto o hiyas ...
21-57,cang,kang,kinacailangang sumama ka sa amin; at kung aayaw ca...
21-64,wica,wika,—ang wica ng isa—sa pagka't buhat dito hanggang sa...
21-66,cang,kang,¡huwag cang papasoc sa alin mang tindahan at huwag...
21-66,cang,kang,¡huwag cang papasoc sa alin mang tindahan at huwag...
21-67,lacad,lakad,"¡Hala, lacad na at magmadali ka!..."
21-73,paglacad,paglakad,"Tinacpan ng panyo ang mukha, at sa paglacad niyang..."
21-76,lacad,lakad,Narinig niya ang yabag ng lacad ng mga kabayo: yao...
21-79,calakip,kalakip,"Ngayo'y ng mangagdaan sila sa kanyang tabi, sa aca..."
21-101,paglacad,paglakad,"Tinulinan ni Sisa ang paglacad, at ng kung mangyay..."
21-117,paglacad,paglakad,"At hindi siya nacakikita ng ano man, walang ano ma..."
21-120,manoc,manok,"Yaon ang cuartel: doo'y may mga sundalo, mga babae..."
21-123,manoc,manok,¿Ang inahing manoc lamang ang inyong dala?...
21-124,manoc,manok,—anang isang babae sa mga sundalong bagong dating;...
21-126,manoc,manok,kailan ma'y mahalaga ang inahing manoc kay sa sisi...
21-129,balicat,balikat,Mga kibit ng balicat ang siyang sa kanya'y sagot n...
21-143,culang,kulang,Bumalic sa kanyang bahay ang culang palad at nagpa...
21-146,calapit,kalapit,Inuulit ng alingangaw ang kanyang voces: ang matim...
21-152,pacpac,pakpak,"Sa buong gabi, pagka umaatungal ang unos, at lumil..."
21-152,tacot,takot,"Sa buong gabi, pagka umaatungal ang unos, at lumil..."
21-154,pacpac,pakpak,Pinagcalooban siya marahil ng Langit ng ilang hora...
22-22,Bucas,Bukas,"—Bucas, bago magbucang liwayway, magaganap ang han..."
22-23,magculang,magkulang,Ihahanda kong lahat ngayong gabi at ng huwag magcu...
22-30,culang,kulang,Sinasabi sa akin ng kaibigan kong si Sinang at sak...
22-35,cang,kang,Ngunit namamasid kong ikaw ay namumuhi; howag cang...
22-36,lacad,lakad,Narinig ang marahang lacad; yao'y ang curang lumal...
22-49,bucas,bukas,"—At yamang mga fiesta ang ating mga pinag-uusapan,..."
23-2,paglacad,paglakad,Sila'y limang mga batang dalagang nangagmamadali n...
23-2,calapit,kalapit,Sila'y limang mga batang dalagang nangagmamadali n...
23-14,cang,kang,"—¡Magmahigpit ka, howag cang haling!..."
23-37,culay,kulay,Doo'y kanilang nakita ang dalawang bangcang nagcac...
23-40,calabaw,kalabaw,Sa isang bangcang lalong marikit ang pagkakagayac ...
23-53,culay,kulay,Sa silangana'y sumusungaw ang mga unang culay ng l...
23-56,malacas,malakas,—ani Albinong seminarista ng sabing malacas sa isa...
23-84,cabilang,kabilang,Kinailangang lumipat ang ilang bagongtao sa cabila...
23-101,cacain,kakain,—¡Iinom din ako ng cha at cacain ako ng galletas!...
23-107,culay,kulay,Maganda ang umaga: nagpapasimula na ng pagtinggad ...
23-119,malacas,malakas,Siya'y isang binatang napagkikilalang malacas sa k...
23-121,bundoc,bundok,Hindi miminsang nasubucan ang taong ito ni Maria C...
23-128,pacpac,pakpak,Natatanaw buhat sa malayo ang ilang tagac na nacad...
23-129,calapit,kalapit,"Sinundan ng tingin ni Maria Clara ang mga tagac, n..."
23-129,bundoc,bundok,"Sinundan ng tingin ni Maria Clara ang mga tagac, n..."
23-130,bundoc,bundok,—¿Nangagpupugad ba ang mga ibong iyan sa bundoc?...
23-134,culang,kulang,"—Inacala kong sila'y may pugad, sa pagka't kung hi..."
23-164,calabaw,kalabaw,"Yao'y gawa ng naging seminaristang si Albino, na h..."
23-169,nacapag,nakapag,—ang sagot ng naging seminarista ng buong cataimti...
23-174,malacas,malakas,At muli na namang hinipan ng lalo pa manding malac...
23-186,culang,kulang,"Nanhic, ng magcagayon, ang nagbibinata ng anak ng ..."
23-214,calapit,kalapit,Sandaling tiningnan niya ng walang imic ang calapi...
23-214,bundoc,bundok,Sandaling tiningnan niya ng walang imic ang calapi...
23-223,licod,likod,Iya'y hindi ang buhangin; iyan ang matigas na bala...
23-261,licod,likod,"Malaking buaya iyon, na gaya na nga ng ibinalita n..."
23-264,malacas,malakas,Nang wala na sa tubig at ng mailagay na sa ibabaw ...
23-265,malacas,malakas,"Tinicman ng buaya ang huling pagpipiglas, ibinalan..."
23-270,bangcay,bangkay,Lumucso sa malalim na tubigang binatang mangingisd...
23-285,cabilang,kabilang,Aayaw ng pumaroon ang matatandang babae sa cabilan...
23-293,cabilang,kabilang,"Nagsiparoon nga ang mga bangca sa cabilang baclad,..."
23-294,bundoc,bundok,Umaaraw na; humihihip ang amihan: napupucaw at nam...
23-294,culay,kulay,Umaaraw na; humihihip ang amihan: napupucaw at nam...
23-297,cabilang,kabilang,Pinaroonan ang cabilang baclad na may malaking pag...
23-307,bangcay,bangkay,Umaalingawngaw sa alang-alang ang musica; napaimbu...
23-307,licod,likod,Umaalingawngaw sa alang-alang ang musica; napaimbu...
24-12,culay,kulay,Mga bulaklak na kusang sumisibol na ang marami sa ...
24-12,culay,kulay,Mga bulaklak na kusang sumisibol na ang marami sa ...
24-12,pacpac,pakpak,Mga bulaklak na kusang sumisibol na ang marami sa ...
24-14,maglacad,maglakad,Malaonlaon din siyang nagpalacadlacad sa casucalan...
24-17,licod,likod,Nagtago si pari Salvi sa licod ng malaking puno ng...
24-36,culay,kulay,Nacalugay ang kanilang buhok at hubad ang kanilang...
24-38,culay,kulay,Pinanonood ng fraileng Acteon na namumutla at hind...
24-39,licod,likod,"Sa licod ng isang pag-lico sa ilat, sa gitna ng ma..."
24-41,nagbalic,nagbalik,"Humintong hindi cumikilos, nagaalinlangan; humakba..."
24-41,naglacad,naglakad,"Humintong hindi cumikilos, nagaalinlangan; humakba..."
24-44,manoc,manok,Nacatanaw naman siya sa daco pa roon ng isang tula...
24-45,cabilang,kabilang,"At doon sa cabilang ibayo, sa isang calinisang kan..."
24-57,calaking,kalaking,"Ipinakita nila sa cura ang buaya, datapwat tila ma..."
24-65,macapag,makapag,"—Hindi ka na ngayon, Albino, macapag panucala ng m..."
24-85,wica,wika,Ang wica ko'y alferez ng Guardia Civil.......
24-86,Nagcagat,Nagkagat,Nagcagat-labi ang militar at ibinulong ang isang h...
24-87,paglacad,paglakad,Sa ganito'y siyang pagsipot ng isang babaeng namum...
24-91,paglacad,paglakad,Ngunit ipinagpatuloy ng babae ang kanyang paglacad...
24-110,wica,wika,"—¿Nangawala, ang wica ninyo?..."
24-142,sucat,sukat,May usapin tayong labing limang taong taon na ngay...
24-153,licod,likod,"Napilitang itago ni kapitang Basilio ang ""Hari"" sa..."
24-158,licod,likod,Sa pagka't hindi matacpan ni kapitang Basilio ang ...
24-174,Sucat,Sukat,—ang sinabi sa kanya ng pinsan niyang si Victoria—...
24-214,nagbalic,nagbalik,"Datapwat malayo na ang mapalad na binata, at nagba..."
24-233,cang,kang,"May pagmumukhang wari'y sinasabing: ""Huwag cang ta..."
24-276,paglacad,paglakad,Ang ginawa raw ng alferez ay hindi piniguil ang ka...
24-278,paglacad,paglakad,Sinasabi ring ipinagpatuloy daw ng taong iyon ang ...
25-4,bucas,bukas,Maingat na itinali ni Ibarra ang kanyang kabayo sa...
25-13,sucat,sukat,¿May magagawa po ba akong ano mang sucat ninyong p...
25-33,wica,wika,—At ¿sa anong wica sumusulat po kayo?...
25-35,wica,wika,"—Sa wica natin, sa tagalog...."
25-45,nagculang,nagkulang,Mga langaylangayan ang aking mga panauhin; ng taon...
25-51,culang,kulang,—¿Hinuli po ba ang culang palad na iyan?...
25-64,pagcuha,pagkuha,"Ngumiti ng caunti si Ibarra, saka sumagot, casabay..."
25-98,tacot,takot,—Inaacala kong napacalampas naman ang mga tacot na...
25-100,bucas,bukas,Casucatan na upang madurog na lahat ang inyong mga...
25-112,wica,wika,"—¡Hindi dumaraing ang bayan, sa pagka't walang voc..."
25-125,sucat,sukat,¿Anong cahalagahan sa kanya ng pagkilalang loob o ...
25-130,magbalic,magbalik,"—Hindi, bago tayo magbalic sa pinag-uusapan natin ..."
25-182,culang,kulang,Bucod sa rito'y may ipakikiusap pa ako sa kanya tu...
26-2,culay,kulay,"Iniiwan ang caugaliang anyo sa araw-araw, at gumag..."
26-3,culay,kulay,Sarisaring minatamis na mga bungang kahoy rito ang...
26-4,manoc,manok,""" Sumisiap sa ""patio"" ang mga sisiw, cumacacac ang..."
26-11,magca,magka,"—Sa magcabilang tabi ng pinyang ito, na tinatawag ..."
26-12,culay,kulay,Saka sa manga bandeja sa ibabaw ng mga papel na ma...
26-13,culay,kulay,"Linilinis ang mga globong vidrio, na pinagmanamana..."
26-13,culay,kulay,"Linilinis ang mga globong vidrio, na pinagmanamana..."
26-14,culay,kulay,"Ang mga bata'y nangaglalaro, nangagcacatuwaan, hin..."
26-15,culay,kulay,"Lumalabas, na gaya rin ng mga cagalang-galang na m..."
26-27,sucat,sukat,Datapwa't mula ng maisipan ng mga artista sa Tundo...
26-39,nacapag,nakapag,Pinupuri ng mga musico ang kanyang marcha funebre ...
26-42,manoc,manok,"Samantala'y nangadaratingan ang mga carromata, mga..."
26-61,manoc,manok,Sa labas ng bayan ang nangyayari nama'y nabibihis ...
26-61,culay,kulay,Sa labas ng bayan ang nangyayari nama'y nabibihis ...
26-63,paco,pako,"Cumacalairit ang mga ""polea"", umaalingawngaw ang m..."
26-71,bucas,bukas,¡Hindi macapagtatrabajo bucas at gagawin na ang ce...
26-100,calaking,kalaking,"Lalong mainam ang anyo ng cabooan, lalong mahalaga..."
26-112,bucas,bukas,Darating bucas ang ilang bagay na ipamamahagui sa ...
26-113,bucas,bukas,Datapwat pabayaan ninyo ang mga bulaklak na iyan s...
26-114,bucas,bukas,—Magdadala rito ang aking ama bucas ng mga bulakla...
27-30,culang,kulang,Sa culang pang labing limang araw ay nanag-uli sa ...
27-34,bucas,bukas,"Natatanaw buhat sa daan, sa mga bintanang bucas, a..."
27-36,paglacad,paglakad,"Nangagcacahalohalo sa paglacad, na nangagcacasicuh..."
27-36,manoc,manok,"Nangagcacahalohalo sa paglacad, na nangagcacasicuh..."
27-78,bucas,bukas,Natangi sa lahat ng mga bahay ang isang walang cai...
27-81,wica,wika,"¡ang Musa ng Guardia Civil, ang wica nga ng matand..."
27-82,catacot,katakot,—ang biglang sinabi ng catacot tacot na si Sinang....
27-82,tacot,takot,—ang biglang sinabi ng catacot tacot na si Sinang....
27-89,Sucat,Sukat,"Sucat bang ipahuli ang caawaawang piloto, na sumug..."
27-101,wica,wika,—May apat na taon na ngayong kinapitan siya ng sak...
27-102,tacot,takot,"Siya'y doon tumatahan sa cabukiran, sa malapit na ..."
27-114,culang,kulang,At hindi nalalaman ang kanyang ginagawa'y dalidali...
27-117,sucat,sukat,—¡Wala akong ibang sucat maibigay!...
27-124,balicat,balikat,Tiningnan ni Maria Clara ng buong pananaghili ang ...
27-127,culang,kulang,Samantala'y lamapit ang isang babae sa culang pala...
27-129,lucso,lukso,Ng maramdaman ng sanlazarohin ang paghipo sa kanya...
28-27,magculang,magkulang,"""Hindi ko po kinacailangang sabihin sa inyong sama..."
28-28,bucas,bukas,"Ininong totoo, at na sa catuwiran nga ang gayong p..."
28-33,Bucas,Bukas,Hayag nga at talastas ng lahat na sa araw na ito'y...
28-37,bucas,bukas,May isang malaking pagpapataasang banal ang dalawa...
28-41,casunod,kasunod,"Pagka tapos ng ""Surge Domine"", pinasimulan ang pro..."
28-42,casiya,kasiya,Sumusunod sa kanilang licuran ang mga cirial na pi...
28-55,malacas,malakas,"""Walang naging caculangang ano man sa loob ng magh..."
28-55,sucat,sukat,"""Walang naging caculangang ano man sa loob ng magh..."
28-57,Cana,Kana,Hindi ko na kinacailangang sabihin po sa inyong lu...
28-62,bucas,bukas,"""Dumating ng hapong ito ang Alcalde ng lalawigan, ..."
28-65,bucas,bukas,"""Nagcaroon ng gabing ito ng mainam na procesion, d..."
28-66,bucas,bukas,Samantalang binabawi ko ang lakas sa mga bisig ni ...
28-74,cang,kang,"""Minamahal kong Choy: Magmadali cang pumarini, kun..."
28-74,sucat,sukat,"""Minamahal kong Choy: Magmadali cang pumarini, kun..."
28-81,tiguil,tigil,"""Malaking totoong cayamanan ang nakikita ng insic ..."
28-86,catotoo,katotoo,"""Ang iyong catotoo...."
28-101,bucas,bukas,"Pagka hindi ka naparini bucas, hindi ako paparoon ..."
28-102,Calakip,Kalakip,Calakip....
29-9,macapag,makapag,Lalong marami ang bilang ng mga candilang kanilang...
29-14,culay,kulay,Ang matandang filosofo lamang ang nananatili sa da...
29-16,sucat,sukat,"—ang sabi sa kanya ng teniente mayor,—¿aayaw po ba..."
29-21,macapal,makapal,"iwaldas ang salapi, sa gayong macapal na totoo ang..."
29-35,culay,kulay,Lumilibang sa paningin ang liwanag at culay na sar...
29-50,wica,wika,Dahil sa bagay na ito'y ibig sana niyang magbitiw ...
29-53,magbalic,magbalik,—¡Ginagawa ang lahat ng ito't ng camtan natin ang ...
29-76,lacad,lakad,Dahandahan nga at matimtiman ang lacad ng procesio...
29-79,capa,kapa,Tumiguil ang carro sa tapat ng isang bahay na sa m...
30-1,cabilang,kabilang,Mula sa isa hanggang sa cabilang dulo'y puno ang c...
30-4,culay,kulay,Ang ilang matandang lalaking naisasawsaw ang mga d...
30-6,culay,kulay,"""Marahil nga'y bendita ang tubig na iyan at taglay..."
30-42,calapit,kalapit,—ang isinagot ng kanyang calapit at siya'y sinico;...
30-49,licod,likod,Sa pagmamasid ng pagtanggap niya ng aso ng inciens...
30-49,licod,likod,Sa pagmamasid ng pagtanggap niya ng aso ng inciens...
30-49,macapal,makapal,Sa pagmamasid ng pagtanggap niya ng aso ng inciens...
30-52,nacapag,nakapag,Nangagsiupo sa kanilang mga sillon ang tatlong sac...
30-60,calakip,kalakip,"Ipinahiwatig niya sa isang tanging kirap, na hindi..."
31-8,macailan,makailan,Ayawan kong nahiwatigan ni Pari Damaso ang gayong ...
31-9,culay,kulay,Sumasa tapat ng kanyang ulo ang Espiritu Santo na ...
31-15,licod,likod,at o ng paghinto dakilang iniunat niya ang kanyang...
31-15,malacas,malakas,at o ng paghinto dakilang iniunat niya ang kanyang...
31-16,wica,wika,"""¡Nagniningning at cumikislap ang altar, malapad a..."
31-17,malacas,malakas,"Kayong mga malalaking macasalanan, mga bihag ng mg..."
31-17,bucas,bukas,"Kayong mga malalaking macasalanan, mga bihag ng mg..."
31-19,wica,wika,"Ang caguilaguilalas na lalang na ito ng Dios, iton..."
31-47,calabaw,kalabaw,"Untiunting naghihicab ang mga nakikinig, sampo ni ..."
31-62,causap,kausap,"—ang isinagot ng causap, na itinuturo ang nagseser..."
31-98,cang,kang,—¡Huwag cang maingay!...
31-104,cang,kang,"—Hindi pa, ngunit huwag cang matulog ¡""condenada""!..."
31-108,nacapag,nakapag,"Sa mga kastila'y iba ng bagay, may naringgan siyan..."
31-111,wica,wika,"Nagpasimula ng isang: ""Mana capatir con cristiano""..."
31-115,lacad,lakad,Ibinulusoc niya ang mga sumpa laban sa lacad ng mg...
31-132,Cun,Kun,"""—anya—""Cun nasasalubun nan isan indio sa calle an..."
31-132,cun,kun,"""—anya—""Cun nasasalubun nan isan indio sa calle an..."
31-133,cun,kun,o cun totoo malayo na an cura....
31-136,calabaw,kalabaw,—At ¿pagka ang sinasacyan ng isa'y isang calabaw?...
31-137,calapit,kalapit,—ang tanong ng isang masuring magsasaca sa kanyang...
31-144,calabaw,kalabaw,"¡layas, salvaje, hayop, demonio, calabaw, aso, con..."
31-146,calaking,kalaking,"Huminto ang nagsesermon, itinaas ang mga kilay, sa..."
31-148,macailan,makailan,Namunga ang gayong gawa: binitiwan ng matandang ba...
31-152,cun,kun,"—naisigaw ng nagagalit na sacerdote, na naghalukip..."
31-160,bundoc,bundok,Hindi na nacalingit kay Ibarra ang mga sinasabi at...
32-2,calas,kalas,Sa ibabaw ng walong metro ang taas ay natatayo roo...
32-3,culay,kulay,Ang malalaking mga lubid na nacabitin sa lahat ng ...
32-28,wica,wika,Pagkatapos na matingnan at mapagsiyasat ng buong c...
32-28,tacot,takot,Pagkatapos na matingnan at mapagsiyasat ng buong c...
32-29,sucat,sukat,"Tunay nga, mga ginoo; sucat na ang sabihin sa inyo..."
32-29,cabilang,kabilang,"Tunay nga, mga ginoo; sucat na ang sabihin sa inyo..."
32-29,cabilang,kabilang,"Tunay nga, mga ginoo; sucat na ang sabihin sa inyo..."
32-30,sucat,sukat,"Itong di mandin mapaniniwalaang cahidwaan ng isip,..."
32-32,wica,wika,"Alinsunod sa pangcaraniwang profesor ng mga wica, ..."
32-33,wica,wika,At kung hindi maguing casucatan ito upang mapapagt...
32-36,camali,kamali,"Marahil mag-camali ang matandang Tasio, bagay na h..."
32-41,culay,kulay,Nangagluluponlupon sa lilim ng mga kahoy o sa ilal...
32-44,Sucat,Sukat,Sucat na ang pag-isipin ang mga bagay na iyon upan...
32-45,culay,kulay,Hindi nalao't narinig ang malayong mga tinig ng mu...
32-50,Causap,Kausap,"Causap ni Ibarra ang Alcalde, na kanyang totoong n..."
32-75,wica,wika,¡Purihin ninyo ang Dios na nagdala sa inyo rito ni...
32-92,pagpacpac,pagpakpak,"Gumawa rin siya ng gaya ng ginawa ng Alcalde, ngun..."
32-97,culang,kulang,Si Ibarra na lamang ang culang at ipag-uutos na sa...
32-101,Lacad,Lakad,—¡Lacad na kayo!...
32-115,bangcay,bangkay,Tangan pa sa kamay ng binata ang cuchara at kanyan...
32-119,tacot,takot,—ang sabi ng ilang mga empleadong punong-puno ng t...
32-123,bangcay,bangkay,—¡Hali kayo at inyong alisin sa pagka dangan ang b...
32-130,bangcay,bangkay,Kanilang nakilalang ang lalaking naninilaw na naca...
32-133,bangcay,bangkay,"Kanilang siniyasat ang kalagayan ng bangcay, tinut..."
32-135,cabilang,kabilang,Kanilang nakita sa kanyang liig ang mga bacas na c...
32-146,malacas,malakas,—ang biglang sinabing malacas ng ilang mga kastila...
32-178,nagculang,nagkulang,Hindi nagculang ng nagdagdag na kanyang nakitang l...
32-182,cang,kang,"aayaw cang magsisimba,—anang isang ina sa kanyang ..."
32-182,cang,kang,"aayaw cang magsisimba,—anang isang ina sa kanyang ..."
32-183,bangcay,bangkay,At siya nga naman: hatid sa tribunal na nacabalot ...
33-4,sucat,sukat,—Iniligtas ninyo ang aking buhay—ang sinabi nito s...
33-12,tacot,takot,"—ang madaling isinagot ni Elias, na nagpapahalata ..."
33-31,bucas,bukas,"""Hindi ito cacanin ng mga isdang katulad ng kanyan..."
33-31,nagcusang,nagkusang,"""Hindi ito cacanin ng mga isdang katulad ng kanyan..."
33-61,lacad,lakad,"Isang casalangsangan, isang pagkakasira-sira ng la..."
33-64,tacot,takot,—ang muling itinanong ni Ibarra na ma'y halong tac...
34-2,cabilang,kabilang,Na sa isang duyo ng mesa ang Alcalde; sa cabilang ...
34-3,canan,kanan,"Nacaupo sa dakong canan ng binata si Maria Clara, ..."
34-31,lacad,lakad,Nanag-uli ang salitaan sa lacad na caugalian....
34-49,calapit,kalapit,"—Iyan nga ang sinasabi ko, datapwat ang magandang ..."
34-53,malacas,malakas,"—Pari Cura,—ang malacas na idinugtong,—namamasid k..."
34-54,Catacot,Katakot,—¡Catacot-tacot na magmamasid ang ginoong Alcalde!...
34-54,tacot,takot,—¡Catacot-tacot na magmamasid ang ginoong Alcalde!...
34-74,bucas,bukas,"Namumupol ako kahapon ng mga bulaklak, ngayo'y aki..."
34-75,Bucas,Bukas,—Bucas ay ihahaguis ng camahalan po ninyo ang tung...
34-84,calapit,kalapit,"Ang isa'y nagcacamali ng paggamit ng mga ""cubierto..."
34-84,wica,wika,"Ang isa'y nagcacamali ng paggamit ng mga ""cubierto..."
34-90,calabaw,kalabaw,"Hindi ba sinasabi ni hermano Mateo, taong hindi na..."
34-99,incong,inkong,"—¡Huwag po kayong mabahala, incong!..."
34-109,bucas,bukas,"—Paparoonin mo siya sa bahay bucas, Petra,—anang m..."
34-112,incong,inkong,"¿Ano po ba, incong ang pagkaalam ninyo?..."
34-129,Sucat,Sukat,Sucat ng magpapihitpihit ng macaatlo o macaapat an...
34-138,manoc,manok,"Nalalaman na ninyo ang casabihan; ""¡sa cura ang ma..."
34-148,capit,kapit,¡Diyata't nagcacapagod at nagcacapangpapawis pa ng...
34-149,sucat,sukat,"Walang ginagawa ang cura kung di maupo, at pagdaca..."
34-161,paglacad,paglakad,"At dumarating nga naman si pari Damaso, taglay ang..."
34-164,canan,kanan,"Naowi sa pangangatal ang ngiti ni pari Damaso, ng ..."
34-171,Sucat,Sukat,¡Sucat ng magcaroon ng dalawang daling noo upang m...
34-174,malacas,malakas,—ang sinabing malacas na palibac ni pari Damaso....
34-182,wica,wika,—¿Ang wica po ba ninyo'y walong cuarta lamang ang ...
34-184,lacad,lakad,—Ibig ng Alcaldeng baguhin ang lacad ng salitaan....
34-196,sucat,sukat,at masasabi nating walang sucat na.......
34-231,bucas,bukas,"Laguing bucas ang kanyang bahay, laguing handa ang..."
34-233,pinacain,pinakain,Binucsan niya sa taong sumasadalita ang mga pintua...
35-6,malacas,malakas,"—¡Magpahingalay nawa siya sa capayapaan, ngunit wa..."
35-6,sucat,sukat,"—¡Magpahingalay nawa siya sa capayapaan, ngunit wa..."
35-23,Macati,Makati,"Hindi ko minamagaling ang ginawa ng franciscano,—a..."
35-24,wica,wika,Ngayo'y ibig niyang siya'y ipalagay na bagong gali...
35-26,malacas,malakas,—Gayon ma'y dapat tayong tumutol sa cagagawang iya...
35-61,tacot,takot,"—ang biglang sinabi ni don Filipo ng buong saclap,..."
35-62,tacot,takot,Lalo pang pinapansin ang isang capahamacang hindi ...
35-79,malacas,malakas,"—ang sabing malacas ng unang babaeng nagsalita, na..."
35-82,malacas,malakas,"—ang sabing malacas ng pangatlong babae, na ito'y ..."
35-99,cabilang,kabilang,—¿Ano ang capacanan ng mga dangal at ng capurihan ...
35-114,Bucas,Bukas,"Bucas macalawa'y mamamatay rin kami, namamatay ang..."
35-116,cabilang,kabilang,"—Ako naman,—ang sabi ng buong cataimtiman ni capit..."
35-155,sucat,sukat,"Naaalaala na ninyo ang salitang ""ispichoso"", na su..."
35-156,cang,kang,""" Ayon sa sabi ng telegrafista at ng directorcillo..."
35-164,manoc,manok,"—Tatawaguin kong ""palabistero"" ang unang civil na ..."
36-6,cang,kang,—¡Huwag cang umiyac anak ko!...
36-10,cang,kang,—¡Huwag cang umiyac!...
36-12,Sucat,Sukat,¡Sucat na ang sabihin cura sa upang ipatawad na la...
36-13,nagbalic,nagbalik,¡Sa cawacasa'y nagbalic si kapitang Tiago!...
36-24,cabilang,kabilang,Iniuutos ni pari Damaso na sirain ang mga salitaan...
36-32,cang,kang,"—Huwag cang umiyac, anak ko,—ang idinugtong at lin..."
36-44,cang,kang,—¡Ngunit wala cang ginagawa kung di pasama-in ang ...
36-48,cang,kang,"Nguni, Maria, huwag cang umiyac; darating ang Kapi..."
36-48,cang,kang,"Nguni, Maria, huwag cang umiyac; darating ang Kapi..."
36-60,malacas,malakas,Sa pagkalungayngay ng ulo sa dibdib at sa pagkatii...
36-64,tacot,takot,Hindi lamang nacapagbibigay tacot sa kanya ang exc...
36-68,paglacad,paglakad,Datapwat di caguinsaguinsa'y cumipot ang dinaraana...
37-20,wica,wika,"—Gayon din ang wica ko,—ang dugtong ng isang agust..."
37-38,pagtiguil,pagtigil,"—ang idinugtong ng Kapitan General, pagkatapos ng ..."
37-55,malacas,malakas,Sinalita ng Kapitan General sa isang paraang macah...
37-57,malacas,malakas,—ang malacas na sabi ng isang ayudante....
37-61,lacad,lakad,"Ginoong Alcalde, sasamahan po ninyo ako sa buong a..."
37-92,lacad,lakad,—Tungkol sa samaan ng loob na nangyari sa inyo at ...
37-136,balicat,balikat,"—¡Nagagalac ako—anya, na tinatapictapic ang balica..."
37-139,pagpasoc,pagpasok,"—Ginoong Alcalde,—ang sinabi sa kanya pagpasoc niy..."
37-150,culang,kulang,Sacali't culang ng mga padrino'y aking icagagalac ...
37-155,paglacad,paglakad,Pinaroonan si Maria Clara ni Ibarrang halos tumata...
37-162,malacas,malakas,"—ang tanong ng binata, na ang puso'y tumitiboc ng ..."
38-2,lacad,lakad,"Ang Kapitan General na nagpapasyal ng lacad, na ca..."
38-4,culay,kulay,"Ang pasimula ng procesio'y mga ""ciriales"" na pilac..."
38-14,Culang,Kulang,—¡Culang palad!...
38-25,cang,kang,"Datapuwa, ¡cagalanggalang at mapacumbabang nagtayo..."
38-25,cang,kang,"Datapuwa, ¡cagalanggalang at mapacumbabang nagtayo..."
38-26,pacpac,pakpak,Sumusunod sa musica ang isang estandarte na kinala...
38-27,malacas,malakas,"Dala ang estandarteng iyon ng mga ""hermano tercero..."
38-27,caawa,kaawa,"Dala ang estandarteng iyon ng mga ""hermano tercero..."
38-29,culay,kulay,Naliliguid siya ng mga ilaw at ng incienso; nangan...
38-50,pacpac,pakpak,At carapatdapat ngang pangguilalasan: siya'y isang...
39-9,cupas,kupas,"Ang ginoong babae, ayon sa kanyang pinagcaratihang..."
39-12,cun,kun,"Hindi nagsimba ng umagang iyon ang ginoong babae, ..."
39-12,calakip,kalakip,"Hindi nagsimba ng umagang iyon ang ginoong babae, ..."
39-15,naca,naka,"Talos niyang siya'y maganda, na siya'y may pagka a..."
39-19,paglacad,paglakad,Kailan ma'y hindi naging carapatdapat macaakit sa ...
39-23,sucat,sukat,"Nangagsisiyucod na lahat sa kanyang paliguid, tula..."
39-37,tacot,takot,"Ipinanhic doon si Sisa, na humarap na di nagulomih..."
39-72,wica,wika,"ang taong may pinag-aralan ang wica ko, nagpapasim..."
39-72,lacad,lakad,"ang taong may pinag-aralan ang wica ko, nagpapasim..."
39-79,wica,wika,Sacali't masama ang pagkatanto ng cabo sa mga sari...
39-94,malacas,malakas,"—Namasdan ni Consolasion ang galaw, nagdilidili at..."
39-106,wica,wika,"Ng sila'y icasal, nacacawatas pa ang kanyang asawa..."
39-123,macailan,makailan,"Lumibot na macailan sa silid, na pinipilipit ng na..."
39-130,catacot,katakot,Naririnig sa dakong malayo ang musica ng procesion...
39-130,tacot,takot,Naririnig sa dakong malayo ang musica ng procesion...
39-143,malacas,malakas,Dalawang malacas na hagupit ng latigo sa licod ang...
39-143,licod,likod,Dalawang malacas na hagupit ng latigo sa licod ang...
39-143,culang,kulang,Dalawang malacas na hagupit ng latigo sa licod ang...
39-151,nacapag,nakapag,Isang ngiti ng ligaya ang siyang nagpacubot sa mga...
39-155,balicat,balikat,Inilagay ng alferez ng lubos na pagpapacamairuguin...
39-157,malacas,malakas,Nagpatuloy ang catahimican: humihingasing ng malac...
39-165,Bucas,Bukas,Bucas ay ihahatid siya sa bahay ni ginoong Ibarra....
39-172,manoc,manok,"—ang sigaw ng tinig na cahawig ng culog, casabay n..."
39-183,malacas,malakas,Pinagdimlan ang lalaki at umaatungal na hinandulon...
39-189,cuta,kuta,Nariringig sa dakong loob ang calampagan ng mga si...
39-191,cang,kang,—¡Huwag cang pumasoc!...
39-192,cang,kang,¡huwag cang pumasoc!...
39-196,cuta,kuta,"—ang patuloy na paglibac ng babae, na tila mandin ..."
39-200,cang,kang,¡aayaw cang ako'y magsimba!...
40-5,calabaw,kalabaw,"Sinusuhan din naman ang maraming mga ""rueda"", mga ..."
40-12,caloob,kaloob,"Ang bayan, ang mga taong walang catungculan at wal..."
40-30,sucat,sukat,hindi ko kinacailangan ang sino man sa pananaguini...
40-30,calakip,kalakip,hindi ko kinacailangan ang sino man sa pananaguini...
40-38,cabilang,kabilang,—¡Bigyang pala nawa sila ng Dios naman sa cabilang...
40-43,Cain,Kain,Ngunit hindi nangagsasaysay ng pagliyag ang mga ma...
40-81,malacas,malakas,—ang sa cawacasa'y biglang sinabi ng malacas;—¿cas...
40-85,cang,kang,—¡Huwag cang umalis!...
40-132,bucas,bukas,—ang isinisigaw ni don Filipo;—¡hihingi tayo bucas...
41-24,magcapatid,magkapatid,—ang isinagot ni Elias ng buong cahinhinan;—ang na...
41-26,magcapatid,magkapatid,—¿At ang magcapatid na iyan ang kanilang ama'y pin...
41-34,paglacad,paglakad,Bumati sa kanya ng buong capacumbabaan ang isang m...
41-57,paglacad,paglakad,—ang sinabi ni Ibarra at ipinagpatuloy ang kanyang...
41-58,calakip,kalakip,Sinundan siya ni Lucas ng titig na may calakip na ...
42-3,paglacad,paglakad,Naghahari sa bahay ni kapitang Tiago ang malaking ...
42-3,malacas,malakas,Naghahari sa bahay ni kapitang Tiago ang malaking ...
42-14,magculang,magkulang,Nalalaman mo ng kasama mag-asawang doctor ang isan...
42-15,cabilang,kabilang,"Na sa cabilang dulo ng ""comedor"" ang magpinsang si..."
42-86,cabilang,kabilang,Datapuwat ng siya'y mapilitang maglagalag sa bayan...
42-112,cang,kang,"—Kung isa lamang ""de"" ang aking ilalagay, mawiwica..."
42-118,culay,kulay,"Nagpacunwari si doña Victorinang siya'y naglilihi,..."
42-137,culang,kulang,Ipinag-utos sa lahat ng mga lingcod nila sa bahay ...
43-49,paglacad,paglakad,Namutla si Linares at kusang napahila sa sacerdote...
43-62,Nagbalic,Nagbalik,"Nagbalic po ako o kahapon, ngunit siya'y nacapasa ..."
43-63,caawa,kaawa,"¡Ah, among, limang daang piso sa aking caawa-awang..."
43-87,malacas,malakas,"Nangagsidalo ang lahat, dahil sa malacas na catata..."
44-1,cun,kun,Mahabang araw at malulungcot na mga gabi ang guina...
44-4,cun,kun,Sa laking pagkatuwa ni doña Victorina sa kanyang a...
44-34,bucas,bukas,"—Maniwala po kayo sa akin, don Santiago; ng malubo..."
44-35,cang,kang,"—Ayawan ko,—ang idinugtong agad ni doña Victorina,..."
44-37,bucas,bukas,"—Nalalaman na po ninyo, don Santiago, sabihin niny..."
44-39,bucas,bukas,—Ihanda po ninyo ang inyong pamangkin sa pangungum...
44-61,cang,kang,"—Hala, hindi ka mapapagod,—ang idinugtong ng mabai..."
44-73,cabilang,kabilang,Bumabasa ng taimtim sa loob ang mabait na matandan...
44-90,pagtiguil,pagtigil,"Sa isa lamang pagtiguil na kanyang ginawa, pagkata..."
44-98,nacapag,nakapag,"Ipinagpatuloy nito ang pagbasa, ngunit sa pagka't ..."
44-101,lacad,lakad,¡Kung paano na ang lacad ng daigdig ngayon!...
45-1,lacad,lakad,Tinatanglawan ng isang malamlam na liwanag na inil...
45-3,paglacad,paglakad,"Matamang nakikinig ang lalaki, at ipinagpapatuloy,..."
45-5,culay,kulay,"Matataas na mga malalaking batong buhay, na napupu..."
45-15,causap,kausap,—ang itinanong ng kanyang causap na taglay ang tan...
45-37,sucat,sukat,"—Sa gulang na aking dinating, pagka niyacap ng cal..."
45-62,culang,kulang,"Ang culang palad na ama, sa casilacbuhan ng kanyan..."
45-64,cang,kang,"—¡Mangyayari cang macalimot, sa pagka't bata ikaw ..."
45-68,culang,kulang,—Datapwat tingnan po ninyo—ani Elias pagka lampas ...
45-69,catacot,katakot,Kung gaganapin ng inyong sariling mga kamay ang in...
45-69,tacot,takot,Kung gaganapin ng inyong sariling mga kamay ang in...
45-74,nagca,nagka,"Ginoo,—ang ipinagpatuloy ni Elias, na pinacasusuca..."
45-79,culang,kulang,walang iniisip ang mga mayayaman kung hindi ang da...
45-86,malacas,malakas,—Atin munang ticmang gawin bago tayo gumamit ng is...
46-2,manoc,manok,"Ang pagsasabong ng manoc, hilig na masamang dito'y..."
46-5,catiwala,katiwala,"Nababahagui sa tatlong pitac: ang una, sa macatwid..."
46-5,pagpasoc,pagpasok,"Nababahagui sa tatlong pitac: ang una, sa macatwid..."
46-9,manoc,manok,"Nariyan ang pinacamarami sa mga manoc, na nangatat..."
46-9,manoc,manok,"Nariyan ang pinacamarami sa mga manoc, na nangatat..."
46-9,bangcay,bangkay,"Nariyan ang pinacamarami sa mga manoc, na nangatat..."
46-9,bangcay,bangkay,"Nariyan ang pinacamarami sa mga manoc, na nangatat..."
46-11,cacapal,kakapal,"Yaong lahat na mga panaguinip na calugodlugod, yao..."
46-12,pacpac,pakpak,—Sa ulutang ito nakikipagtutulan ang lalong pangod...
46-20,pagpasoc,pagpasok,Sa horas ng ating pagpasoc ay naroroon na ang gobe...
46-22,manoc,manok,—¿Nalalman mo ba kung anong manoc ang dala rito ni...
46-26,manoc,manok,¡Ipupusta ko po sa inyong manoc ang aking bahay at...
46-36,manoc,manok,"—ang tanong ni kapitang Basilio, na tinitingnan an..."
46-49,manoc,manok,Ilinaganap ng nangagcacabilog na mapakialam sa buh...
46-52,manoc,manok,"Dala ng mga ""soltador"" sa Rueda ang dalawang manoc..."
46-59,calabaw,kalabaw,"Samantalang nangagsisigawan, isinasahod ang kamay,..."
46-59,magcapatid,magkapatid,"Samantalang nangagsisigawan, isinasahod ang kamay,..."
46-60,magcapatid,magkapatid,Paimis na sila'y pinagmamasid ni Lucas ngumingiti ...
46-62,magcapatid,magkapatid,Nangagtitigan ang magcapatid....
46-79,bundoc,bundok,At sa paano ma'y malapit ang bundoc....
46-96,magcapatid,magkapatid,Lumapit sa bacod ang dalawang magcapatid na capuwa...
46-102,manoc,manok,Tangan ng mga soltador ang mga manoc ng isang anyo...
46-104,manoc,manok,Pinaglapit nila ang dalawang manoc; tinangnan ng i...
46-104,manoc,manok,Pinaglapit nila ang dalawang manoc; tinangnan ng i...
46-104,manoc,manok,Pinaglapit nila ang dalawang manoc; tinangnan ng i...
46-111,tacot,takot,"Natanawan nila ang maningning na dahon ng tari, na..."
46-112,pacpac,pakpak,Sa sandaling iyo'y naligo ng dugo ang kanilang mal...
46-112,pacpac,pakpak,Sa sandaling iyo'y naligo ng dugo ang kanilang mal...
46-113,licod,likod,Muling nagtitigan na naman; caguinsaguinsa'y bigla...
46-118,pacpac,pakpak,"Sa cawacasan, sa pagtikim sa cahulihulihang pagpup..."
46-118,pacpac,pakpak,"Sa cawacasan, sa pagtikim sa cahulihulihang pagpup..."
46-142,lacad,lakad,Ang bulik ni kapitang Basilio ang mapapalaban sa l...
46-145,manoc,manok,"¿Nagpakita ng pagkayamot si Bruno, ngunit sumunod ..."
46-145,culang,kulang,"¿Nagpakita ng pagkayamot si Bruno, ngunit sumunod ..."
46-149,pacpac,pakpak,"¡Masdan mo ang mga hitang iyan, iladlad mo ang mga..."
46-154,cabilang,kabilang,Lumapit sila sa cabilang pulutong....
46-155,manoc,manok,"Diya'y sinasandatahan ang manoc, humihirang ng tar..."
46-156,manoc,manok,Binalot ni Tarsilo ang hayop ng malungcot at nacal...
46-171,magcapatid,magkapatid,Hinanap ng magcapatid sa mga pulutong ng tao si Lu...
46-181,magcapatid,magkapatid,Hindi sumagot ang dalawang magcapatid....
46-217,bucas,bukas,—Darating bucas si don Cristostomo na may dalang m...
46-220,magcapatid,magkapatid,Ang dalawang magcapatid ay tila mandin nagpalit ng...
47-19,Magbalic,Magbalik,—¡Magbalic na tayo sa bahay!...
47-48,causap,kausap,—¡Tingnan sana ninyo kung sino ang causap!...
47-131,cang,kang,—Tandaan mo Clarita; huwag cang mag-aasawa kailan ...
47-131,cang,kang,—Tandaan mo Clarita; huwag cang mag-aasawa kailan ...
47-134,balicat,balikat,"Tinulungan nila siyang tumindig, at naliliguid ang..."
48-21,caniya,kaniya,Itinunghay sa caniya ng dalaga ang kanyang magagan...
48-22,bucas,bukas,—¿Macaparirito ba ako bucas?...
49-7,bucas,bukas,—Opo; acalain po ninyong sa aking pagparito'y akin...
49-11,macapag,makapag,"—Hindi po niya ako makikilala, sa pagka't sa mimin..."
49-43,magca,magka,Hindi malaho't darating sa icalabinglimang taon mu...
49-44,caloob,kaloob,Ipagtanong po ninyo sa bawa't mabuting taong namam...
49-48,pinatiguil,pinatigil,samantalang ginagawa ang mga cafiestahang ito'y na...
49-48,nacuha,nakuha,samantalang ginagawa ang mga cafiestahang ito'y na...
49-53,sucat,sukat,"—Nang hindi pa itinatatag ang Guardia Civil, ang l..."
49-55,tacot,takot,"Isang munting camalian, isang casalanang pinarusah..."
49-56,culang,kulang,Ang mga calaguimlaguim na pahirap ng Guardia Civil...
49-58,bundoc,bundok,"Pinakikinabangan ang paglaguim, pagka alipin ang b..."
49-58,malacas,malakas,"Pinakikinabangan ang paglaguim, pagka alipin ang b..."
49-75,macapag,makapag,Samantala'y maniwala po kayong nagcacailangan ang ...
49-84,culang,kulang,"—Pagbabagong utos tungkol sa mga sacerdote,—ang sa..."
49-95,calacal,kalakal,Kung sa ganito lamang ay hindi kinacailangang papa...
49-114,nacapag,nakapag,¿Ano po ba ang wiwicain ninyo sa isang pamahalaang...
49-121,culang,kulang,Aking sasabihin doon sa mga culang palad na isinac...
49-129,lacad,lakad,"—Siya nga, kaibigan ko; nalalaman ko pong nagpipig..."
50-3,calapit,kalapit,"Isang gabi, hindi maalaman kung ano ang dahil, nag..."
50-7,licod,likod,"Ang aking nuno, na tinalicdan ng lahat, liban na l..."
50-8,culang,kulang,"Nang mabusog na ng culang palad, na magpacailan ma..."
50-20,bangcay,bangkay,Nabuloc ang bangcay sa mata ng anak na lalaking ba...
50-29,magcapatid,magkapatid,"Ang panganay sa dalawang magcapatid, na nacatatand..."
50-33,bangcay,bangkay,Naisipan ng binatang tumingala at sundan ng mata a...
50-43,bundoc,bundok,"—«Naglagalag ang binatang tulad sa isang sinumpa»,..."
50-47,nagculang,nagkulang,"Datapwat naraig sila ng kapangyarihan ng sinta, ka..."
50-50,magcapatid,magkapatid,"Palibhasa'y mayaman ang aming nunong lalaki, totoo..."
50-58,magcapatid,magkapatid,"Napugnaw ang aming ligaya, tinalicdan ko ang aming..."
50-60,magcapatid,magkapatid,Nangulila caming magcapatid....
50-63,bangcay,bangkay,Nawala siya isang araw; nawalang cabuluhan ang sa ...
50-64,calapit,kalapit,Ipinalathala sa mga calapit bayan ng mga puno sa b...
50-64,bangcay,bangkay,Ipinalathala sa mga calapit bayan ng mga puno sa b...
50-66,paglacad,paglakad,Mula niyo'y naglalagalag ako sa mga iba't ibang la...
50-74,paglacad,paglakad,¿Diyata't lalong pag-ibig sa capuwa tao ang alacba...
50-98,nagculang,nagkulang,Hindi nagculang ang Dios sa pagsaclolo sa mga iban...
50-107,pinalacad,pinalakad,"At pagkasabi nito'y muling pinalacad ang bangca, a..."
51-7,pacay,pakay,Mabigat ang bagay na iyon: kilala ni Linares ang u...
51-7,sucat,sukat,Mabigat ang bagay na iyon: kilala ni Linares ang u...
51-44,paglacad,paglakad,Nang sandaling yao'y napakinggan ang yabag ng mga ...
51-61,wica,wika,"—Aywan ko, ngunit ang wica niya'y magaling pa raw ..."
51-71,cang,kang,"—May cahirapan; ngunit huwag cang mabahala, sasabi..."
51-73,Bucas,Bukas,"—Bucas, pumaroon ka sa bahay ng maaga...."
51-74,bucas,bukas,"Aayaw si Mariang mag-isa kailan man, sinasamahan n..."
51-81,malacas,malakas,"—ang biglang sinabi ni Sinang ng malacas, na ang a..."
52-21,magcapatid,magkapatid,"—Ang sabi'y dito raw magtatatagpo,—ang iniisip ng ..."
52-27,bucas,bukas,Tatanggapin ninyo bucas ang mga sandata at pagkaga...
52-29,Lacad,Lakad,» ¡Lacad na kayo!...
52-47,macuha,makuha,—Na tumugtog ang a las ocho upang aking macuha ang...
52-89,manoc,manok,—ang sabi ng isa sa wikang tagalog na may puntong ...
52-103,macatulad,makatulad,"—Hindi ko siya pagkakamal-an sa iba, kahi't macatu..."
52-114,bucas,bukas,—Magdadala ako ng pamisa upang gawin bucas....
53-6,naca,naka,"Hindi dapat atimin ni hermana Sipa, na caanib sa C..."
53-11,calabaw,kalabaw,"Nawalang cabuluhang siya'y manumpa, na kanyang kas..."
53-21,catulong,katulong,"—Wala nga, kung kayo'y nag-iisa, datapwat malaki a..."
53-35,wica,wika,Sa puspos na casiglahan ng kanilang loob sa pagkak...
53-38,culang,kulang,Naghandog na ng mga unang bunga ang mga dunong na ...
53-39,lacad,lakad,Naaalinsunod ang mga bagong abogado ngayon sa mga ...
53-41,calacal,kalakal,Walang cabuluhang magsisigaw buhat sa mga pulpito ...
53-50,paglacad,paglakad,"Mapipilit ang ilang mga calooban, mapapatay ang il..."
53-51,culang,kulang,"Pagmasdan po ninyo ang mga pamahayagan man, kahi't..."
53-52,paglacad,paglakad,"—Ayon, sa sabi ninyo'y ¿caalacbay ang mga jesuita ..."
53-55,malacas,malakas,Ang ibig sana nila'y sila ang macapamatnubay sa Pa...
53-69,sucat,sukat,walang iniisip ang ating mga kinabataan kung di an...
53-74,bucas,bukas,Sabihin po ninyo kay don Crisostomo na ako'y dalaw...
54-1,lacad,lakad,Ipinagbibigay alam ng campana ang oras ng pagdaras...
54-1,calabaw,kalabaw,Ipinagbibigay alam ng campana ang oras ng pagdaras...
54-1,manoc,manok,Ipinagbibigay alam ng campana ang oras ng pagdaras...
54-1,malacas,malakas,Ipinagbibigay alam ng campana ang oras ng pagdaras...
54-2,paglacad,paglakad,Gayon ma'y nagtutumulin sa paglacad sa daan ang cu...
54-11,magbalic,magbalik,¡papuputucan ko siya kung magbalic!...
54-12,bucas,bukas,—¡Iya'y sacali't buhay pa kayo hanggang bucas!...
54-46,causap,kausap,—ang itinanong ng causap na itinatadyac ang paa sa...
54-51,balicat,balikat,Pinakibit ng alferez ang kanyang mga balicat....
54-112,culang,kulang,—Hindi ko nangyaring nasiyasat kung sino ang may c...
54-118,naca,naka,Tila mandin hindi siya nariringig ni Ibarrang naca...
54-118,capit,kapit,Tila mandin hindi siya nariringig ni Ibarrang naca...
54-162,cacanan,kakanan,Nangaghahapunan doon sa comedor (cacanan) ni Kapit...
54-182,licod,likod,Nagtago sa licod ng isang haligui ang cura....
54-186,Casunod,Kasunod,Casunod nila si Andeng na iniwawasiwas ang isang d...
54-187,manoc,manok,Nanicluhod si tia Isabel at umiiyac at dinarasal a...
54-206,sucat,sukat,¡Wala nang sucat icatacot!...
54-213,cang,kang,—¡Huwag cang lumabas at hindi ka nacapangungumpisa...
54-213,cang,kang,—¡Huwag cang lumabas at hindi ka nacapangungumpisa...
54-237,nagbucas,nagbukas,Tumingin sa bintana si Ibarra; nagningning ang kan...
54-256,bundoc,bundok,"Linisan ni Elias ang bundoc, tumacas at lumusong s..."
54-266,Nagbalic,Nagbalik,"Nagbalic siya sa pampang at napatungo sa bayan, ¿a..."
54-268,tacot,takot,Tila mandin walang tao ang bayan; sarang lahat ang...
54-270,lacad,lakad,Sa panganganib niyang baka kanyang macasalubong an...
54-284,macapal,makapal,; datapwat isang macapal na aso ang siyang pumupun...
55-7,malacas,malakas,Marahil walang macapangabas na bumigay ng palo ng ...
55-8,tacot,takot,Binucsan ding may tacot ang isang maliit na bintan...
55-48,manoc,manok,"Sumasaya ng untiunti ang mga daan: ang mga aso, mg..."
55-48,capit,kapit,"Sumasaya ng untiunti ang mga daan: ang mga aso, mg..."
55-48,capit,kapit,"Sumasaya ng untiunti ang mga daan: ang mga aso, mg..."
55-48,tacot,takot,"Sumasaya ng untiunti ang mga daan: ang mga aso, mg..."
55-49,manoc,manok,Nang mapagkilalang macalalacad na hindi tatanggap ...
55-68,cang,kang,"—Ngunit babae, ¿wala cang caawaawa?......"
55-85,sucat,sukat,—ang isinagot naman ng lalaki na nacasilip ng suca...
55-90,capit,kapit,—¡May isang nagbigti sa halamanan ng capit-bahay!...
55-95,capit,kapit,"—Siya nga po,—ang ipinagpatuloy ng alilang babaeng..."
55-98,wica,wika,"—Tingnan natin siya,—ang wica ng matandang lalaki,..."
55-99,cang,kang,—¡Huwag cang pumaroon!...
55-104,tacot,takot,"At siya'y na pa sa halamanan, na sinusundan ng ali..."
55-109,malacas,malakas,—Hindi dapat natin siyang galawin hanggang sa duma...
55-111,capit,kapit,—Iyan ang capit-bahay nating tumitira sa bahay na ...
55-122,capit,kapit,"Nangagsiparoon ang mga capit-bahay, at macapal na ..."
55-122,macapal,makapal,"Nangagsiparoon ang mga capit-bahay, at macapal na ..."
55-122,bangcay,bangkay,"Nangagsiparoon ang mga capit-bahay, at macapal na ..."
55-123,bangcay,bangkay,"Nangagsirating, nang may calahating horas na, ang ..."
55-124,licod,likod,"—Nagdadalidali ang tao sa pagkamatay,—ang sinabi n..."
55-127,bangcay,bangkay,Samantala'y minamasdan ang bangcay at ang lubid ng...
55-128,bangcay,bangkay,Hindi higuit kay sa ibang bahagui ng katawan ang p...
55-129,bangcay,bangkay,"Inusisang magaling ng mapagsiyasat na taga bukid, ..."
55-136,lacad,lakad,Nagsalita ng ilang pautal-utal na sabi ang taga bu...
55-155,bucas,bukas,"—Natapos na ang lahat ng mga misa,—ang sinabi ng b..."
56-8,bangcay,bangkay,"Naaamoy ng halimaw ang bangcay, kanyang inaasam-as..."
56-28,casunod,kasunod,Ang tagatanod bilangguang may casunod na apat na s...
56-29,macapal,makapal,Nangagsilabas ang isang amoy na labis ng baho at i...
56-34,nacapag,nakapag,Lumabas ang isang anyong nacapag-aalap-ap na nagui...
56-56,bangcay,bangkay,—¡Ihatid ninyo siya sa kinalalagyan ng mga bangcay...
56-58,bangcay,bangkay,"Sa isang suloc ng patio, sa ibabaw ng isang carret..."
56-62,bangcay,bangkay,Hindi sumagot si Tarsilo; nakita niya ang bangcay ...
56-62,bangcay,bangkay,Hindi sumagot si Tarsilo; nakita niya ang bangcay ...
56-67,licod,likod,Isang haguinit ang siyang umalingawngaw sa hangin ...
56-85,malacas,malakas,"—ang biglang sinabi ng malacas ni Tarsilo, sa gitn..."
56-96,culang,kulang,Samantala'y ipinagpapatuloy sa salas ang cagagawan...
56-106,pagcuha,pagkuha,Isang casangcapang tulad sa pinggang cawayan (timb...
56-113,bangcay,bangkay,"Isang sulyap, na may taglay na panaghili, ang itin..."
56-123,Nagbalic,Nagbalik,Nagbalic ang alferez at pinanguluhan ang paghuhugo...
56-154,bangcay,bangkay,Humudyat ang alferez upang alisin sa pagkabitin si...
56-170,culang,kulang,—ang inulit ng culang culang ang isip....
56-170,culang,kulang,—ang inulit ng culang culang ang isip....
56-176,Culang,Kulang,¡Andong Culang-culang po!...
56-176,culang,kulang,¡Andong Culang-culang po!...
56-183,cang,kang,Huwag cang magsinungaling at titimbain ka!...
56-197,paglacad,paglakad,Huminto ng paglacad ang alferez at tiningnan ng mg...
57-13,malacas,malakas,Naroroon ang biyanan ng manunuba ng niyog; hindi s...
57-20,maca,maka,Ngunit iilan tao ang pumapansin sa maca Mahomang b...
57-25,maglacad,maglakad,"Huwag kayong gumawa ng gayon,—ani capitana Maria;—..."
57-38,naca,naka,—¡Walang ano mang ginagawa ang aking manugang ay s...
57-78,pagpasoc,pagpasok,"Nasumpungan siyang patay, kinabucasan, ng mga nag-..."
58-2,tacot,takot,Samantala'y mga balitang tanging mula sa mga conve...
58-6,culay,kulay,Sa isang bahagui naman ng mga mamamayang iya'y nap...
58-8,culay,kulay,Ang nangyaring iyo'y inilaladlad ni Capalaran sa g...
58-28,manoc,manok,—Sinabi ko na: ipinapahamac ng mga jesuita ang lup...
58-32,manoc,manok,¿sino ang macasusulat ng mga cahig-manoc!...
58-57,culay,kulay,Ang mga ito at iba pang mga bagay ang mga sabihan ...
58-79,malacas,malakas,"—ang itinutol ng masaclap na tinig, at saka tumamp..."
58-81,cang,kang,"—Tunay ngang sinabi ko iyan sa iyo, sa pagka't ......"
58-114,cang,kang,"—Hindi cailangan, dapat cang humarap na gaya ng gi..."
58-119,bucas,bukas,¡sabihin mo ang pangalang iyan at ng bucas di'y bi...
58-119,sucat,sukat,¡sabihin mo ang pangalang iyan at ng bucas di'y bi...
58-164,tacot,takot,"—ang sigaw ni capitana Tinchang, na puspos ng taco..."
58-174,cang,kang,—¡Huwag cang mamatay!...
58-175,cang,kang,"—ang panambitan ng babae;—¡huwag cang mamatay, sa ..."
58-241,cuta,kuta,—Isang sangcalan lamang ang paaralan; ang banta ni...
58-296,caawa,kaawa,Kasama sa mga taong itong pinacamamahal ang caawa-...
59-2,catacot,katakot,Sa buong panahong itong catacot-tacot ay wala sino...
59-2,tacot,takot,Sa buong panahong itong catacot-tacot ay wala sino...
59-17,cuta,kuta,Pinagbubulungbulunganang mabibitay si Ibarra; sa p...
59-27,tacot,takot,"Si kapitan Tiago'y maingat at matatacutin, kaya't ..."
59-37,macapag,makapag,May tatlong araw ng guinagagad ni doña Victorina a...
59-52,culay,kulay,Napupuluputan ang mahabang buhok ng sutlang cintas...
59-66,Sucat,Sukat,Sucat ng sabihing ng sila'y magpaalaman ay pawang ...
59-67,bucas,bukas,"—Ipasabi mo sa fonda, na bucas ay mag-aalay tayo n..."
59-73,tacot,takot,Naririyan ang pinacamarami sa ating mga cakilala; ...
59-80,cabilang,kabilang,Sa cabilang daco'y ito naman ang salitaan:...
59-84,macailan,makailan,Nariringig marahil ang gayong mga salitaan ng dala...
59-85,Malacas,Malakas,"Malacas ang salitaan sa pulutong ng mga lalaki, at..."
59-89,sucat,sukat,—Wala na akong sucat gawin sa bayang iyan; sa Mayn...
59-104,malacas,malakas,"—Kung ang binatang iyan,—ang patuloy na sinabi ng ..."
59-114,nacuha,nakuha,Napatotohanang pawang taksil na gagad lamang ang m...
59-114,bangcay,bangkay,Napatotohanang pawang taksil na gagad lamang ang m...
59-146,malacas,malakas,Nagpapatuloy ang musica ng pagtugtog ng masasayang...
59-150,malacas,malakas,—anang tia ng sabing malacas; palibhasa'y bata't w...
59-158,paglacad,paglakad,Isa sa dalawang lalaking nacasacay sa bangcang iyo...
59-162,tacot,takot,—ang sinabing marahang puspos ng tacot....
59-168,bangcay,bangkay,—¡Isinumpa ko sa piling ng bangcay ng aking inang ...
59-169,magculang,magkulang,"Mangyayaring magculang ikaw sa iyong isinumpa, siy..."
59-192,nagculang,nagkulang,"—¡Inibig mo, nagculang tiwala ka sa akin, patawari..."
59-207,nacuha,nakuha,"Nalimutan ang mga sulat na ito nang aking ama, sa ..."
59-223,pinacain,pinakain,"—Oo,—at humagulhol ang dalaga;—hinihingi sa akin n..."
60-11,magcapatid,magkapatid,"—Elias,—ang muling sinabi ni Ibarra; nanggaling an..."
60-29,culang,kulang,Hindi macarating hanggang sa inyo ang pamanhik ng ...
60-35,culang,kulang,"At yamang kanilang inibig, magpifilibuster ako, ng..."
60-48,cang,kang,—ang sinabi sa kanya nito; ipinauunawa ko sa iyo n...
60-94,calapit,kalapit,Nakikita ko ng mga panahong iyon ang aking kapatid...
60-98,sucat,sukat,"Nagtutuca ang carabinero sa Malapad-na-bato, at ng..."
60-102,culay,kulay,Naaninagnagan nila sa malayo ang isang bagay na cu...
60-110,magbalic,magbalik,Inacalang magbalic sa Pasig; lalong matulin ang ka...
60-124,casunod,kasunod,"Naringig ng sandaling iyon, ang isang chis sa tubi..."
61-6,tacot,takot,Lumucso si Maria Clara sa kanyang upuan at pinagma...
61-7,natacot,natakot,"—Tangaria, ¿natacot ka ba, ha?..."
61-16,catiwala,katiwala,—Wala ka na bang catiwala sa iyong inaama?...
61-17,cang,kang,—ang itinanong na ang anyo'y naghihinananakit mand...
61-31,cang,kang,"—¡Huwag cang tumangis ng ganyan, anak ko, sa pagka..."
61-44,macapag,makapag,—¡Nang buhay pa siya'y macapag-aasawa ako ... inaa...
61-55,culang,kulang,¿Paano ang aking pagpapahintulot na pacasal ikaw s...
61-59,macapag,makapag,Dahil dito'y inihahanap cata ng isang asawang maca...
62-1,bundoc,bundok,"Sa itaas, sa balisbis ng isang bundoc, sa tabi ng ..."
62-4,manoc,manok,"Sa lilim ng isang kahoy, ang nunong lalaki'y gumag..."
62-9,bundoc,bundok,—Saasama ka sa amin sa pag-akyat sa taluctoc ng bu...
62-9,paglucso,paglukso,—Saasama ka sa amin sa pag-akyat sa taluctoc ng bu...
62-28,manoc,manok,Sa gabing ito'y may inahing manoc tayo at tapa ng ...
62-35,Lacad,Lakad,"Lacad na, anak ko, at samahan ka nawa ng Dios at n..."
62-52,Pinacapit,Pinakapit,Pinacapit siya ni Lucia sa kanyang mga bisig at na...
62-58,cabilang,kabilang,Sa «entresuelo» ng bahay ni kapitang Basilio'y nag...
62-69,Natacot,Natakot,Natacot ang medicong siya'y isumbong na kaibigan n...
62-85,tacot,takot,"—Hindi,—ang isinagot nito;—tumanggap ako ng isang ..."
62-94,culang,kulang,Piniguilan ng culang palad ang pangangatal ng kany...
62-97,culay,kulay,"Nagpasimula ng pag-awit si Sisa sa tapat ng bahay,..."
62-100,tacot,takot,Pagkakita ni Sisang lumalapit ang sundalo at ng ma...
62-141,culang,kulang,Niyacap ng culang palad ang bangcay at tumangis ng...
62-141,bangcay,bangkay,Niyacap ng culang palad ang bangcay at tumangis ng...
62-161,cabilang,kabilang,"Sa may mga dalawampong hacbang buhat dito, sa cabi..."
62-161,bangcay,bangkay,"Sa may mga dalawampong hacbang buhat dito, sa cabi..."
62-172,calapit,kalapit,Tinatanawan ng mapamintacasing babae ang calapit n...
62-172,macapal,makapal,Tinatanawan ng mapamintacasing babae ang calapit n...
63-10,culang,kulang,Ilang linggo pa muna bago magmonja si Maria Clara'...
63-14,culay,kulay,"Kung manacanaca'y maglacadlacad kayo, kung dakong ..."
63-20,culang,kulang,"Ang tanging tagapagtanggol ng culang palad na ito,..."
63-20,Paco,Pako,"Ang tanging tagapagtanggol ng culang palad na ito,..."
63-21,culay,kulay,"Napasa España ang nagdiwang na alferez, na ang cat..."
63-28,macailan,makailan,Ipinagtanong naming macailan siya sa ilang taong m...
63-28,manoc,manok,Ipinagtanong naming macailan siya sa ilang taong m...
63-30,pacpac,pakpak,Isang gabi ng Septiembreng umaatungal ang bagyo at...
63-30,tacot,takot,Isang gabi ng Septiembreng umaatungal ang bagyo at...
63-39,cang,kang,huwag cang mag-alaala; dapat magcaroon ang mga mon...
63-42,malacas,malakas,At tumingala upang macakita sa cadiliman: ng sanda...
63-48,tacot,takot,—ang inulit ng sundalo na nagtataguctucan ang ngip...
63-70,malacas,malakas,"¿Sino kaya ang humihibic sa calaguitnaan ng gabi, ..."
63-75,malacas,malakas,na nacacahalo ng mga buntong hininga ng hanging ma...
